name,rating,review_count,price,location.city,coordinates.latitude,coordinates.longitude,categories,distance,full_address
Kiraku,4.4,1737,$$,Berkeley,37.863768063655826,-122.2588919009019,"[{'alias': 'tapasmallplates', 'title': 'Tapas/Small Plates'}, {'alias': 'izakaya', 'title': 'Izakaya'}]",1520.0059537194222,"2566B Telegraph Ave, Berkeley, CA 94704, USA"
Imm Thai Street Food,4.1,2085,$$,Berkeley,37.87172,-122.26902,"[{'alias': 'thai', 'title': 'Thai'}]",635.8734085702621,"2072 University Ave, Berkeley, CA 94704, USA"
Tsuruya,4.6,151,$$,Berkeley,37.87331870184628,-122.26871711106033,"[{'alias': 'ramen', 'title': 'Ramen'}]",765.9930323634638,"1934 Shattuck Ave., Berkeley, CA 94704, USA"
Noodle Dynasty,4.5,393,$$,Berkeley,37.866379,-122.258916,"[{'alias': 'noodles', 'title': 'Noodles'}]",1439.0491302287617,"2428 Telegraph Ave, Berkeley, CA 94704, USA"
My-O-My,4.4,67,,Berkeley,37.87525464086151,-122.2603074673181,"[{'alias': 'salad', 'title': 'Salad'}, {'alias': 'poutineries', 'title': 'Poutineries'}, {'alias': 'wraps', 'title': 'Wraps'}]",1492.8740952249505,"1866 Euclid Ave, Berkeley, CA 94709, USA"
Good To Eat,4.4,295,$$,Emeryville,37.84721282099529,-122.29057483292785,"[{'alias': 'taiwanese', 'title': 'Taiwanese'}, {'alias': 'tapasmallplates', 'title': 'Tapas/Small Plates'}]",2740.3334679363516,"1298 65th St Suite #1, Emeryville, CA 94608, USA"
Cheese Board Pizza,4.5,6194,$$,Berkeley,37.87987169931607,-122.2694537571586,"[{'alias': 'pizza', 'title': 'Pizza'}]",1346.3931333996484,"1512 Shattuck Ave., Berkeley, CA 94709, USA"
Berkeley Social Club,4.1,2438,$$,Berkeley,37.8718158,-122.2696171,"[{'alias': 'breakfast_brunch', 'title': 'Breakfast & Brunch'}, {'alias': 'korean', 'title': 'Korean'}, {'alias': 'bars', 'title': 'Bars'}]",606.200249376176,"2048 University Ave, Berkeley, CA 94704, USA"
Tanzie's,4.6,242,$$,Berkeley,37.862258,-122.281529,"[{'alias': 'salad', 'title': 'Salad'}, {'alias': 'breakfast_brunch', 'title': 'Breakfast & Brunch'}, {'alias': 'thai', 'title': 'Thai'}]",907.7888013984634,"1453 Dwight Way, Berkeley, CA 94702, USA"
Azure Hot Pot,4.7,82,,Berkeley,37.87641,-122.269248,"[{'alias': 'buffets', 'title': 'Buffets'}, {'alias': 'hotpot', 'title': 'Hot Pot'}]",1006.4866004259164,"1700 Shattuck Ave., Berkeley, CA 94709, USA"
Mezzo,4.2,1090,$$,Berkeley,37.866190376725285,-122.2588104140514,"[{'alias': 'sandwiches', 'title': 'Sandwiches'}, {'alias': 'salad', 'title': 'Salad'}, {'alias': 'coffee', 'title': 'Coffee & Tea'}]",1453.7272317496247,"2442 Telegraph Ave, Berkeley, CA 94704, USA"
Afghan Burrito,4.6,402,$$,Berkeley,37.86435,-122.29014,"[{'alias': 'mexican', 'title': 'Mexican'}, {'alias': 'afghani', 'title': 'Afghan'}, {'alias': 'halal', 'title': 'Halal'}]",1413.1193651381209,"2309 San Pablo Ave, Berkeley, CA 94702, USA"
Eureka!,3.8,2338,$$,Berkeley,37.86995,-122.26901,"[{'alias': 'tradamerican', 'title': 'American'}]",555.3907753301596,"2068 Center St, Berkeley, CA 94704, USA"
Butterfish Sushi,4.5,167,$$$,Berkeley,37.868547,-122.296125,"[{'alias': 'sushi', 'title': 'Sushi Bars'}, {'alias': 'fooddeliveryservices', 'title': 'Food Delivery Services'}]",1845.7768774732435,"915 University Ave, Berkeley, CA 94710, USA"
Tokyo Fish Market,4.6,1016,$$,Berkeley,37.8814694826618,-122.296665832383,"[{'alias': 'seafoodmarkets', 'title': 'Seafood Markets'}]",2373.352886030222,"1220 San Pablo Ave, Berkeley, CA 94706, USA"
Tipsy Yeti Restaurant & Bar,4.7,94,,Berkeley,37.860632,-122.289713,"[{'alias': 'sportsbars', 'title': 'Sports Bars'}, {'alias': 'himalayan', 'title': 'Himalayan/Nepalese'}, {'alias': 'tradamerican', 'title': 'American'}]",1563.268767828253,"2512 San Pablo Ave, Berkeley, CA 94702, USA"
Thai Table,4.3,551,$$,Berkeley,37.86848948410972,-122.2962013,"[{'alias': 'thai', 'title': 'Thai'}, {'alias': 'seafood', 'title': 'Seafood'}, {'alias': 'cocktailbars', 'title': 'Cocktail Bars'}]",1853.586982927575,"913 University Ave, Berkeley, CA 94710, USA"
Spoon,4.0,1093,$$,Berkeley,37.85165,-122.28992,"[{'alias': 'korean', 'title': 'Korean'}, {'alias': 'noodles', 'title': 'Noodles'}, {'alias': 'bbq', 'title': 'Barbeque'}]",2287.909236204539,"931 Ashby Ave, Berkeley, CA 94710, USA"
To The Moon,4.7,55,,Oakland,37.832086,-122.263096,"[{'alias': 'korean', 'title': 'Korean'}]",4194.86827426937,"493 44th St, Oakland, CA 94609, USA"
84 Viet,3.9,160,$$,Berkeley,37.872824,-122.269031,"[{'alias': 'vietnamese', 'title': 'Vietnamese'}]",710.6356611119561,"2050 Berkeley Way, Berkeley, CA 94704, USA"
Toss Noodle Bar,4.0,1379,$$,Berkeley,37.8681334,-122.2679719,"[{'alias': 'asianfusion', 'title': 'Asian Fusion'}, {'alias': 'thai', 'title': 'Thai'}, {'alias': 'noodles', 'title': 'Noodles'}]",626.6595113136028,"Shattuck Av & Kittredge St, Berkeley, CA 94704, USA"
Jupiter,3.9,3716,$$,Berkeley,37.869817,-122.267597,"[{'alias': 'pizza', 'title': 'Pizza'}, {'alias': 'chicken_wings', 'title': 'Chicken Wings'}, {'alias': 'brewpubs', 'title': 'Brewpubs'}]",670.9140864702873,"2181 Shattuck Ave., Berkeley, CA 94704, USA"
Grégoire,4.1,2587,$$,Berkeley,37.8785970706384,-122.268645902327,"[{'alias': 'french', 'title': 'French'}, {'alias': 'sandwiches', 'title': 'Sandwiches'}]",1246.1918662911417,"2109 Cedar St, Berkeley, CA 94709, USA"
Masa Ramen Bistro,4.5,312,$$,Berkeley,37.871879,-122.272408,"[{'alias': 'hawaiian', 'title': 'Hawaiian'}, {'alias': 'ramen', 'title': 'Ramen'}, {'alias': 'japacurry', 'title': 'Japanese Curry'}]",428.33931459230627,"1923 University Ave, Berkeley, CA 94704, USA"
Gypsy's Trattoria Italiana,4.0,2374,$$,Berkeley,37.868068,-122.258124,"[{'alias': 'italian', 'title': 'Italian'}, {'alias': 'seafood', 'title': 'Seafood'}, {'alias': 'sandwiches', 'title': 'Sandwiches'}]",1490.0863917860986,"2519 Durant Ave, Berkeley, CA 94704, USA"
La Mission,4.1,1461,$$,Berkeley,37.8698395883553,-122.287912028045,"[{'alias': 'mexican', 'title': 'Mexican'}, {'alias': 'breakfast_brunch', 'title': 'Breakfast & Brunch'}, {'alias': 'sandwiches', 'title': 'Sandwiches'}]",1134.1874039241063,"1255 University Ave, Berkeley, CA 94702, USA"
Top Dog,4.2,2272,$,Berkeley,37.86772,-122.25739,"[{'alias': 'hotdog', 'title': 'Hot Dogs'}]",1557.021464849664,"2534 Durant Ave, Berkeley, CA 94704, USA"
Wat Mongkolratanaram,4.3,953,$,Berkeley,37.856425093302,-122.27067686843,"[{'alias': 'thai', 'title': 'Thai'}, {'alias': 'buddhist_temples', 'title': 'Buddhist Temples'}]",1408.9647567591512,"1911 Russell St, Berkeley, CA 94703, USA"
Angeline's Louisiana Kitchen,4.1,5143,$$,Berkeley,37.8682447,-122.26758388625984,"[{'alias': 'cajun', 'title': 'Cajun/Creole'}, {'alias': 'southern', 'title': 'Southern'}, {'alias': 'seafood', 'title': 'Seafood'}]",659.7285111315806,"2261 Shattuck Ave., Berkeley, CA 94704, USA"
Lao Garden,4.5,99,,Berkeley,37.860552,-122.289627,"[{'alias': 'laotian', 'title': 'Laotian'}]",1558.0026522795852,"2514 San Pablo Ave, Berkeley, CA 94702, USA"
Farmhouse Kitchen Thai Cuisine,4.7,890,,Berkeley,37.87859,-122.26878,"[{'alias': 'thai', 'title': 'Thai'}, {'alias': 'cocktailbars', 'title': 'Cocktail Bars'}, {'alias': 'wine_bars', 'title': 'Wine Bars'}]",1242.0818927401908,"1549 Shattuck Ave., Berkeley, CA 94709, USA"
Tipsea,4.5,164,$$,Berkeley,37.8670969,-122.2673551,"[{'alias': 'cocktailbars', 'title': 'Cocktail Bars'}, {'alias': 'newamerican', 'title': 'New American'}]",699.0890851298403,"2327 Shattuck Ave., Berkeley, CA 94704, USA"
The Noodle Thai Restaurant,3.8,946,$$,Berkeley,37.87315,-122.26886,"[{'alias': 'noodles', 'title': 'Noodles'}, {'alias': 'thai', 'title': 'Thai'}]",755.885610728055,"1930 Shattuck Ave. A, Berkeley, CA 94704, USA"
Roses On Adeline,4.5,98,,Berkeley,37.850212,-122.271278,"[{'alias': 'tapas', 'title': 'Tapas Bars'}, {'alias': 'cocktailbars', 'title': 'Cocktail Bars'}, {'alias': 'wine_bars', 'title': 'Wine Bars'}]",2072.708702629093,"3218 Adeline St, Berkeley, CA 94703, USA"
Yin Ji Chang Fen - Berkeley,3.9,339,$$,Berkeley,37.8706571,-122.2685679,"[{'alias': 'cantonese', 'title': 'Cantonese'}, {'alias': 'dimsum', 'title': 'Dim Sum'}]",615.7676322709891,"2116 Shattuck Ave., Berkeley, CA 94704, USA"
Tacos Sinaloa,4.0,611,$,Berkeley,37.867214307189,-122.258953303099,"[{'alias': 'mexican', 'title': 'Mexican'}]",1417.1050458452864,"2386 Telegraph Ave, Berkeley, CA 94704, USA"
Smokehouse,3.8,748,$,Berkeley,37.8531726,-122.2597991,"[{'alias': 'hotdogs', 'title': 'Fast Food'}, {'alias': 'burgers', 'title': 'Burgers'}, {'alias': 'hotdog', 'title': 'Hot Dogs'}]",2178.7635439618016,"2343 Woolsey St, Berkeley, CA 94705, USA"
Me Va Con Vietnamese Kitchen,4.5,208,$$,Oakland,37.84748,-122.261137,"[{'alias': 'vietnamese', 'title': 'Vietnamese'}, {'alias': 'sandwiches', 'title': 'Sandwiches'}, {'alias': 'juicebars', 'title': 'Juice Bars & Smoothies'}]",2647.066410661367,"6101 Telegraph Ave, Oakland, CA 94609, USA"
Homeroom Berkeley,4.2,238,$$,Berkeley,37.87956,-122.29776,"[{'alias': 'comfortfood', 'title': 'Comfort Food'}, {'alias': 'tradamerican', 'title': 'American'}]",2338.678567179937,"1313 Ninth St Ste120, Berkeley, CA 94710, USA"
IB’s,3.9,803,$$,Berkeley,37.86808075593729,-122.2584868678494,"[{'alias': 'sandwiches', 'title': 'Sandwiches'}, {'alias': 'burgers', 'title': 'Burgers'}, {'alias': 'cheesesteaks', 'title': 'Cheesesteaks'}]",1458.2025182292712,"2513 Durant Ave, Berkeley, CA 94704, USA"
Nash Cafe,3.8,123,,Berkeley,37.8723,-122.26954,"[{'alias': 'bbq', 'title': 'Barbeque'}, {'alias': 'chinese', 'title': 'Chinese'}]",635.145703708217,"2047 University Ave, Berkeley, CA 94704, USA"
The Italian Homemade Company,3.8,623,$$,Berkeley,37.85815,-122.25284,"[{'alias': 'italian', 'title': 'Italian'}, {'alias': 'gelato', 'title': 'Gelato'}, {'alias': 'delis', 'title': 'Delis'}]",2263.9313901260234,"2911 College Ave, Berkeley, CA 94705, USA"
Simmer & Steamer,4.0,29,,Berkeley,37.87185245977809,-122.26797374750166,"[{'alias': 'korean', 'title': 'Korean'}, {'alias': 'asianfusion', 'title': 'Asian Fusion'}]",720.9509000054475,"2006 Kala Bagai Wy, Berkeley, CA 94704, USA"
Jungdon Katsu,4.7,80,,Emeryville,37.8460025,-122.2919855,"[{'alias': 'japanese', 'title': 'Japanese'}]",2918.9224042484784,"6485 Hollis St, Emeryville, CA 94608, USA"
Moo Bong Ri Korean Restaurant,4.5,1451,$$,Oakland,37.832094781567775,-122.2630403,"[{'alias': 'korean', 'title': 'Korean'}, {'alias': 'soup', 'title': 'Soup'}, {'alias': 'chicken_wings', 'title': 'Chicken Wings'}]",4195.6507893066855,"4390 Telegraph Ave STE #K, Oakland, CA 94609, USA"
Korean Superette,4.4,273,$$,Berkeley,37.891194328670984,-122.2863228,"[{'alias': 'korean', 'title': 'Korean'}, {'alias': 'intlgrocery', 'title': 'International Grocery'}, {'alias': 'delis', 'title': 'Delis'}]",2698.1059521259344,"1539 Solano Ave, Berkeley, CA 94707, USA"
Impression of Lanzhou,3.7,9,,Berkeley,37.87518747574774,-122.260291075712,"[{'alias': 'chinese', 'title': 'Chinese'}]",1490.4452623757609,"1878 Euclid Ave, Berkeley, CA 94709, USA"
Mensho,4.5,527,$$,Oakland,37.828330196536754,-122.24970135837792,"[{'alias': 'ramen', 'title': 'Ramen'}]",5002.702635237689,"4258 Piedmont Ave, Oakland, CA 94611, USA"
Ippuku,3.9,1487,$$$,Berkeley,37.87027,-122.26702,"[{'alias': 'bars', 'title': 'Bars'}, {'alias': 'izakaya', 'title': 'Izakaya'}]",725.8376082009867,"2130 Center St Suite 102, Berkeley, CA 94704, USA"
Mugunghwa,4.3,236,$$,El Cerrito,37.90304581745432,-122.30351153614734,"[{'alias': 'soup', 'title': 'Soup'}, {'alias': 'korean', 'title': 'Korean'}, {'alias': 'noodles', 'title': 'Noodles'}]",4570.132693382377,"10140 San Pablo Ave, El Cerrito, CA 94530, USA"
